"stock","percentagechange"
"JPM","68.4077079107505100"
"VISA","65.9931758881380900"
"PYPL","354.7977795400475800"
"PNC","75.4659498207885300"
"AXP","84.0413436692506500"
